<?xml version="1.0" encoding="UTF-8"?>
<project-private xmlns="http://www.netbeans.org/ns/project-private/1">
    <editor-bookmarks xmlns="http://www.netbeans.org/ns/editor-bookmarks/2" lastBookmarkId="0"/>
    <open-files xmlns="http://www.netbeans.org/ns/projectui-open-files/2">
        <group>
            <file>file:/E:/xampp/htdocs/educationsoft/application/controllers/Accounts.php</file>
            <file>file:/E:/xampp/htdocs/educationsoft/application/views/accounts/add_purpose.php</file>
            <file>file:/E:/xampp/htdocs/educationsoft/application/views/sidebar/left-sidebar.php</file>
            <file>file:/E:/xampp/htdocs/educationsoft/application/views/student/addNewStudent.php</file>
            <file>file:/E:/xampp/htdocs/educationsoft/application/views/accounts/add_fees_amount.php</file>
            <file>file:/E:/xampp/htdocs/educationsoft/application/config/routes.php</file>
            <file>file:/E:/xampp/htdocs/educationsoft/application/models/General_model.php</file>
        </group>
    </open-files>
</project-private>
